county,latitude,longitude,AQI,pollutant,category,color,distance_miles,updated
Albany,42.452299,-73.239648,16,PM2.5,Good,#00e400,29.5,2026-09-30 03:54
Allegany,42.0972,-77.2103,39,PM2.5,Good,#00e400,43.1,2026-09-30 03:54
Bronx,40.816101,-73.902199,21,PM2.5,Good,#00e400,1.0,2026-09-30 03:54
Broome,41.867336,-75.686602,19,PM2.5,Good,#00e400,19.8,2026-09-30 03:54
Cattaraugus,41.843722,-79.172889,31,PM2.5,Good,#00e400,18.0,2026-09-30 03:54
Cayuga,43.0528,-76.0597,26,PM2.5,Good,#00e400,27.0,2026-09-30 03:54
Chautauqua,41.843722,-79.172889,31,PM2.5,Good,#00e400,18.0,2026-09-30 03:54
Chemung,42.0972,-77.2103,39,PM2.5,Good,#00e400,20.6,2026-09-30 03:54
Chenango,41.867336,-75.686602,19,PM2.5,Good,#00e400,21.5,2026-09-30 03:54
Clinton,44.47406,-73.1893,55,PM2.5,Moderate,#ffff00,20.3,2026-09-30 03:54
Columbia,42.452299,-73.239648,16,PM2.5,Good,#00e400,31.3,2026-09-30 03:54
Cortland,43.0528,-76.0597,26,PM2.5,Good,#00e400,33.3,2026-09-30 03:54
Delaware,41.867336,-75.686602,19,PM2.5,Good,#00e400,48.5,2026-09-30 03:54
Dutchess,41.4994,-74.0097,14,PM2.5,Good,#00e400,14.7,2026-09-30 03:54
Erie,42.8781,-78.8094,61,PM2.5,Moderate,#ffff00,3.5,2026-09-30 03:54
Essex,44.47406,-73.1893,55,PM2.5,Moderate,#ffff00,15.0,2026-09-30 03:54
Franklin,45.017976,-74.735339,18,PM2.5,Good,#00e400,24.5,2026-09-30 03:54
Fulton,43.0994,-75.225,14,PM2.5,Good,#00e400,44.7,2026-09-30 03:54
Genesee,43.145021,-77.557608,37,PM2.5,Good,#00e400,27.3,2026-09-30 03:54
Greene,42.452299,-73.239648,16,PM2.5,Good,#00e400,35.8,2026-09-30 03:54
Hamilton,42.887501,-73.249702,34,PM2.5,Good,#00e400,21.4,2026-09-30 03:54
Herkimer,43.0994,-75.225,14,PM2.5,Good,#00e400,12.9,2026-09-30 03:54
Jefferson,44.219953,-76.521143,20,PM2.5,Good,#00e400,34.8,2026-09-30 03:54
Kings,40.694401,-73.928596,21,PM2.5,Good,#00e400,3.3,2026-09-30 03:54
Lewis,43.0994,-75.225,14,PM2.5,Good,#00e400,49.3,2026-09-30 03:54
Livingston,43.145021,-77.557608,37,PM2.5,Good,#00e400,19.0,2026-09-30 03:54
Madison,43.0528,-76.0597,26,PM2.5,Good,#00e400,13.5,2026-09-30 03:54
Monroe,43.145021,-77.557608,37,PM2.5,Good,#00e400,2.5,2026-09-30 03:54
Montgomery,43.0994,-75.225,14,PM2.5,Good,#00e400,44.4,2026-09-30 03:54
Nassau,40.739264,-73.817694,22,PM2.5,Good,#00e400,9.6,2026-09-30 03:54
New York,40.770908,-74.036218,21,PM2.5,Good,#00e400,2.7,2026-09-30 03:54
Niagara,43.160056,-79.23475,43,PM2.5,Good,#00e400,10.2,2026-09-30 03:54
Oneida,43.0994,-75.225,14,PM2.5,Good,#00e400,0.1,2026-09-30 03:54
Onondaga,43.0528,-76.0597,26,PM2.5,Good,#00e400,4.6,2026-09-30 03:54
Ontario,43.1461,-77.5481,29,PM2.5,Good,#00e400,22.6,2026-09-30 03:54
Orange,41.182079,-74.028191,4,PM2.5,Good,#00e400,7.5,2026-09-30 03:54
Orleans,43.1461,-77.5481,29,PM2.5,Good,#00e400,31.5,2026-09-30 03:54
Oswego,43.0528,-76.0597,26,PM2.5,Good,#00e400,37.5,2026-09-30 03:54
Otsego,43.0994,-75.225,14,PM2.5,Good,#00e400,31.4,2026-09-30 03:54
Putnam,41.4014,-73.4447,17,PM2.5,Good,#00e400,7.2,2026-09-30 03:54
Queens,40.739264,-73.817694,22,PM2.5,Good,#00e400,1.9,2026-09-30 03:54
Rensselaer,42.452299,-73.239648,16,PM2.5,Good,#00e400,28.5,2026-09-30 03:54
Richmond,40.63306,-74.137156,55,PM2.5,Moderate,#ffff00,3.0,2026-09-30 03:54
Rockland,41.182079,-74.028191,4,PM2.5,Good,#00e400,7.5,2026-09-30 03:54
St. Lawrence,45.017976,-74.735339,18,PM2.5,Good,#00e400,9.5,2026-09-30 03:54
Saratoga,42.887501,-73.249702,34,PM2.5,Good,#00e400,30.3,2026-09-30 03:54
Schoharie,42.887501,-73.249702,34,PM2.5,Good,#00e400,48.8,2026-09-30 03:54
Schuyler,42.0972,-77.2103,39,PM2.5,Good,#00e400,27.3,2026-09-30 03:54
Seneca,43.0528,-76.0597,26,PM2.5,Good,#00e400,38.7,2026-09-30 03:54
Steuben,42.0972,-77.2103,39,PM2.5,Good,#00e400,17.4,2026-09-30 03:54
Suffolk,40.8278,-73.0575,13,PM2.5,Good,#00e400,7.4,2026-09-30 03:54
Sullivan,41.4994,-74.0097,14,PM2.5,Good,#00e400,36.8,2026-09-30 03:54
Tioga,41.705226,-76.512726,29,PM2.5,Good,#00e400,30.4,2026-09-30 03:54
Tompkins,42.0972,-77.2103,39,PM2.5,Good,#00e400,43.8,2026-09-30 03:54
Ulster,41.4994,-74.0097,14,PM2.5,Good,#00e400,29.8,2026-09-30 03:54
Warren,43.608528,-72.98246,46,PM2.5,Good,#00e400,38.9,2026-09-30 03:54
Washington,43.608528,-72.98246,46,PM2.5,Good,#00e400,20.0,2026-09-30 03:54
Wayne,43.1461,-77.5481,29,PM2.5,Good,#00e400,31.5,2026-09-30 03:54
Westchester,41.0522,-73.7642,6,PM2.5,Good,#00e400,1.3,2026-09-30 03:54
Wyoming,43.145021,-77.557608,37,PM2.5,Good,#00e400,29.4,2026-09-30 03:54
Yates,42.0972,-77.2103,39,PM2.5,Good,#00e400,39.9,2026-09-30 03:54
